,mRNA,sRNA,SEQscore,ABEscore,ALEscore,Uscore,FinalScoreM1,ELibre Hibrid,ELibre RegTarget,ELibre Fold sRNA,Factor de accesibilidad,Delta G overall,FinalScoreM2,Score1Norm,Score2Norm,FINAL
0,AUGACAGUAAAUAAAAUAAAGAAC,GUUCUUUAUUUUAUUUACUGUCAUUUUCUGUUGGGCCAUUGCAUUGCCACUGAUUUUCCAACAUAUAAAAAGACAAGCCCGAACAGUCGUCCGGGCUUUUUUUCUCGAG,0.03808256880733948,-0.17829357798165135,-0.32462888363606573,1.2976190476190474,1.8386240780441039,-29.89,-0.03,-23.89,275.845544121662,-5.969999999999999,238.54687779801213,0.042806805536454086,0.9965707211013941,1.0393775266378482
1,UGACAGUAAAUAAAAUAAAGAACA,UGUUCUUUAUUUUAUUUACUGUCAUUUCUGUUGGGCCAUUGCAUUGCCACUGAUUUUCCAACAUAUAAAAAGACAAGCCCGAACAGUCGUCCGGGCUUUUUUUCUCGAG,0.03699082568807343,-0.16855045871559637,-0.32332251748519836,1.2976190476190474,1.8264828495079155,-30.83,-0.03,-22.28,275.8451631983255,-8.519999999999996,237.63470830237574,0.010501312663583971,0.9953197807452706,1.0058210934088545
2,GACAGUAAAUAAAAUAAAGAACAU,AUGUUCUUUAUUUUAUUUACUGUCUUUCUGUUGGGCCAUUGCAUUGCCACUGAUUUUCCAACAUAUAAAAAGACAAGCCCGAACAGUCGUCCGGGCUUUUUUUCUCGAG,0.03731192660550461,-0.17823853211009175,-0.30936668192033007,1.2976190476190474,1.8225361882549738,-29.87,-0.02,-24.22,275.85720768142824,-5.630000000000003,241.04746352779966,0.0,1.0,1.0
3,ACAGUAAAUAAAAUAAAGAACAUU,AAUGUUCUUUAUUUUAUUUACUGUUUUCUGUUGGGCCAUUGCAUUGCCACUGAUUUUCCAACAUAUAAAAAGACAAGCCCGAACAGUCGUCCGGGCUUUUUUUCUCGAG,0.03803669724770645,-0.16073394495412846,-0.32853432072770317,1.2976190476190474,1.8249240105485856,-28.1,-0.04,-21.77,275.8238089319065,-6.290000000000003,237.77485657463026,0.006353539582755701,0.9955119787199264,1.0018655183026821
4,CAGUAAAUAAAAUAAAGAACAUUU,AAAUGUUCUUUAUUUUAUUUACUGUUUCUGUUGGGCCAUUGCAUUGCCACUGAUUUUCCAACAUAUAAAAAGACAAGCCCGAACAGUCGUCCGGGCUUUUUUUCUCGAG,0.036009174311926635,-0.1618532110091743,-0.33263806564541654,1.3292682926829267,1.8597687436494441,-26.98,-0.08,-21.88,275.65287728629426,-5.020000000000003,228.6990471033907,0.09906872680550138,0.9830655020657811,1.0821342288712825
5,AGUAAAUAAAAUAAAGAACAUUUU,AAAAUGUUCUUUAUUUUAUUUACUUUUCUGUUGGGCCAUUGCAUUGCCACUGAUUUUCCAACAUAUAAAAAGACAAGCCCGAACAGUCGUCCGGGCUUUUUUUCUCGAG,0.03920183486238535,-0.16702752293577985,-0.3354019990718552,1.3292682926829267,1.870899649552947,-24.86,-0.14,-22.4,275.17739196242195,-2.3200000000000003,215.13295708768288,0.12868594389868135,0.964461098436153,1.0931470423348344
6,GUAAAUAAAAUAAAGAACAUUUUC,GAAAAUGUUCUUUAUUUUAUUUACUUUCUGUUGGGCCAUUGCAUUGCCACUGAUUUUCCAACAUAUAAAAAGACAAGCCCGAACAGUCGUCCGGGCUUUUUUUCUCGAG,0.03836697247706424,-0.168440366972477,-0.3380002400432111,1.3624999999999998,1.9073075794927523,-25.26,-0.36,-22.65,274.7081339443133,-2.2500000000000036,159.28680572436053,0.2255604996885341,0.8878742307446122,1.1134347304331462
7,UAAAUAAAAUAAAGAACAUUUUCA,UGAAAAUGUUCUUUAUUUUAUUUAUUUCUGUUGGGCCAUUGCAUUGCCACUGAUUUUCCAACAUAUAAAAAGACAAGCCCGAACAGUCGUCCGGGCUUUUUUUCUCGAG,0.040146788990825716,-0.17398165137614685,-0.3543870558664635,1.3292682926829267,1.897783788916363,-24.53,-0.36,-23.28,274.06121832803564,-0.8900000000000006,159.3399797299428,0.20021950988085468,0.887947153057623,1.0881666629384776
8,AAAUAAAAUAAAGAACAUUUUCAA,UUGAAAAUGUUCUUUAUUUUAUUUUUUCUGUUGGGCCAUUGCAUUGCCACUGAUUUUCCAACAUAUAAAAAGACAAGCCCGAACAGUCGUCCGGGCUUUUUUUCUCGAG,0.04449541284403674,-0.17376146788990837,-0.3571003249621048,1.2976190476190474,1.8729762533150973,-24.42,-0.35,-23.39,274.0640901049139,-0.6799999999999997,161.91865856819402,0.13421139034242163,0.8914835280840644,1.025694918426486
9,AAUAAAAUAAAGAACAUUUUCAAU,AUUGAAAAUGUUCUUUAUUUUAUUUUUCUGUUGGGCCAUUGCAUUGCCACUGAUUUUCCAACAUAUAAAAAGACAAGCCCGAACAGUCGUCCGGGCUUUUUUUCUCGAG,0.04263302752293582,-0.17368807339449546,-0.3468087778037313,1.3292682926829267,1.8923981714040892,-24.39,-0.36,-23.29,274.05732458420545,-0.740000000000002,159.42708773389148,0.1858894091303268,0.8880666121252656,1.0739560212555923
10,AUAAAAUAAAGAACAUUUUCAAUA,UAUUGAAAAUGUUCUUUAUUUUAUUUUCUGUUGGGCCAUUGCAUUGCCACUGAUUUUCCAACAUAUAAAAAGACAAGCCCGAACAGUCGUCCGGGCUUUUUUUCUCGAG,0.040146788990825716,-0.18473394495412845,-0.31623923749155747,1.3292682926829267,1.8703882641194385,-24.55,-0.37,-24.37,273.998401611852,0.19000000000000128,156.78249301546674,0.12732524482047358,0.884439840703184,1.0117650855236575
11,UAAAAUAAAGAACAUUUUCAAUAA,UUAUUGAAAAUGUUCUUUAUUUUAUUUCUGUUGGGCCAUUGCAUUGCCACUGAUUUUCCAACAUAUAAAAAGACAAGCCCGAACAGUCGUCCGGGCUUUUUUUCUCGAG,0.040146788990825716,-0.17831192660550438,-0.3931813382204296,1.3292682926829267,1.9409083464996866,-24.6,-0.37,-23.87,273.9137027849251,-0.35999999999999943,156.6976327545028,0.3149657304549309,0.8843234641683636,1.1992891946232946
12,AAAAUAAAGAACAUUUUCAAUAAU,AUUAUUGAAAAUGUUCUUUAUUUUUUUCUGUUGGGCCAUUGCAUUGCCACUGAUUUUCCAACAUAUAAAAAGACAAGCCCGAACAGUCGUCCGGGCUUUUUUUCUCGAG,0.04263302752293582,-0.1765688073394495,-0.33383953458660076,1.3292682926829267,1.8823096621319129,-24.63,-0.7,-23.63,273.98974226413276,-0.3000000000000007,74.10792267923983,0.1590458106082539,0.7710607407075113,0.9301065513157651
13,AAAUAAAGAACAUUUUCAAUAAUG,CAUUAUUGAAAAUGUUCUUUAUUUUUUCUGUUGGGCCAUUGCAUUGCCACUGAUUUUCCAACAUAUAAAAAGACAAGCCCGAACAGUCGUCCGGGCUUUUUUUCUCGAG,0.04077981651376149,-0.17667889908256884,-0.3501354632963982,1.3624999999999998,1.9300941788927284,-25.76,-1.01,-23.74,273.2899152780559,-1.0100000000000016,-3.4852991527805557,0.28619129354261097,0.6646501525266358,0.9508414460692468
14,AAUAAAGAACAUUUUCAAUAAUGC,GCAUUAUUGAAAAUGUUCUUUAUUUUUCUGUUGGGCCAUUGCAUUGCCACUGAUUUUCCAACAUAUAAAAAGACAAGCCCGAACAGUCGUCCGGGCUUUUUUUCUCGAG,0.03753211009174315,-0.1797247706422018,-0.3308072643750528,1.3974358974358974,1.9455000425448952,-27.08,-1.01,-24.02,272.71418419649757,-2.049999999999997,-3.4663418419649474,0.3271833576432122,0.6646761503979265,0.9918595080411388
15,AUAAAGAACAUUUUCAAUAAUGCG,CGCAUUAUUGAAAAUGUUCUUUAUUUUCUGUUGGGCCAUUGCAUUGCCACUGAUUUUCCAACAUAUAAAAAGACAAGCCCGAACAGUCGUCCGGGCUUUUUUUCUCGAG,0.03492660550458718,-0.19322935779816508,-0.3042098509692472,1.4342105263157894,1.966576340587789,-28.21,-1.02,-25.26,272.6919486647576,-1.9299999999999997,-5.9096389732951025,0.38326336587151855,0.6613254365248985,1.044588802396417
16,UAAAGAACAUUUUCAAUAAUGCGA,UCGCAUUAUUGAAAAUGUUCUUUAUUUCUGUUGGGCCAUUGCAUUGCCACUGAUUUUCCAACAUAUAAAAAGACAAGCCCGAACAGUCGUCCGGGCUUUUUUUCUCGAG,0.03370642201834864,-0.18737614678899087,-0.34408414741367666,1.4342105263157894,1.9993772425368057,-29.15,-1.02,-24.83,272.7222641062766,-3.3000000000000007,-5.891445282125517,0.47054030831430854,0.6613503871756491,1.1318906954899577
17,AAAGAACAUUUUCAAUAAUGCGAC,GUCGCAUUAUUGAAAAUGUUCUUUUUUCUGUUGGGCCAUUGCAUUGCCACUGAUUUUCCAACAUAUAAAAAGACAAGCCCGAACAGUCGUCCGGGCUUUUUUUCUCGAG,0.033926605504587176,-0.20143119266055046,-0.31103424541083063,1.4342105263157894,1.9806025698917578,-30.44,-1.02,-26.42,272.75179471986,-3.0,-5.866235894397221,0.42058448617347277,0.6613849590842837,1.0819694452577564
18,AAGAACAUUUUCAAUAAUGCGACA,UGUCGCAUUAUUGAAAAUGUUCUUUUUCUGUUGGGCCAUUGCAUUGCCACUGAUUUUCCAACAUAUAAAAAGACAAGCCCGAACAGUCGUCCGGGCUUUUUUUCUCGAG,0.03283486238532112,-0.20144954128440365,-0.31288560514154196,1.4342105263157894,1.9813805351270561,-31.46,-1.02,-26.33,272.7132456405786,-4.110000000000003,-5.8450649128115515,0.42265450324706316,0.6614139927620936,1.0840684960091567
19,AGAACAUUUUCAAUAAUGCGACAU,AUGUCGCAUUAUUGAAAAUGUUCUUUUCUGUUGGGCCAUUGCAUUGCCACUGAUUUUCCAACAUAUAAAAAGACAAGCCCGAACAGUCGUCCGGGCUUUUUUUCUCGAG,0.030972477064220204,-0.18508256880733925,-0.3464976644645914,1.4729729729729728,2.0355256833091238,-31.39,-1.04,-24.54,272.6979129990188,-5.810000000000002,-10.692316519960741,0.5667244129339309,0.654766519150364,1.2214909320842948
20,GAACAUUUUCAAUAAUGCGACAUU,AAUGUCGCAUUAUUGAAAAUGUUCUUUCUGUUGGGCCAUUGCAUUGCCACUGAUUUUCCAACAUAUAAAAAGACAAGCCCGAACAGUCGUCCGGGCUUUUUUUCUCGAG,0.028944954128440385,-0.18152293577981646,-0.34007613733733855,1.5138888888888888,2.0644329161344843,-30.54,-1.17,-23.99,272.6165092622667,-5.379999999999999,-42.32300657458535,0.6436410446595092,0.6113884990886865,1.2550295437481958
21,AACAUUUUCAAUAAUGCGACAUUG,CAAUGUCGCAUUAUUGAAAAUGUUUUUCUGUUGGGCCAUUGCAUUGCCACUGAUUUUCCAACAUAUAAAAAGACAAGCCCGAACAGUCGUCCGGGCUUUUUUUCUCGAG,0.02984403669724773,-0.18579816513761466,-0.3312480900270653,1.5138888888888888,2.0607791807508162,-29.91,-1.65,-24.43,272.34787548550923,-3.830000000000002,-159.234619065581,0.63391915185067,0.4510570531632443,1.0849762050139145
22,ACAUUUUCAAUAAUGCGACAUUGA,UCAAUGUCGCAUUAUUGAAAAUGUUUUCUGUUGGGCCAUUGCAUUGCCACUGAUUUUCCAACAUAUAAAAAGACAAGCCCGAACAGUCGUCCGGGCUUUUUUUCUCGAG,0.02862385321100919,-0.19255045871559642,-0.31283440537724744,1.5138888888888888,2.047897606192742,-29.24,-1.83,-25.17,271.70286957499417,-2.239999999999995,-203.07418174724518,0.599643739454236,0.39093590417103763,0.9905796436252736
23,CAUUUUCAAUAAUGCGACAUUGAC,GUCAAUGUCGCAUUAUUGAAAAUGUUUCUGUUGGGCCAUUGCAUUGCCACUGAUUUUCCAACAUAUAAAAAGACAAGCCCGAACAGUCGUCCGGGCUUUUUUUCUCGAG,0.02449541284403671,-0.19240366972477074,-0.3110294869446395,1.5571428571428572,2.085071426656304,-29.69,-1.83,-25.14,271.3131896390188,-2.719999999999999,-202.3772474003856,0.6985561838138392,0.39189167314185486,1.0904478569556941
24,AUUUUCAAUAAUGCGACAUUGACU,AGUCAAUGUCGCAUUAUUGAAAAUUUUCUGUUGGGCCAUUGCAUUGCCACUGAUUUUCCAACAUAUAAAAAGACAAGCCCGAACAGUCGUCCGGGCUUUUUUUCUCGAG,0.026697247706422032,-0.1904954128440367,-0.317367557026995,1.5571428571428572,2.091703074720311,-29.2,-1.76,-25.01,271.2942867291158,-2.429999999999996,-185.75165791412797,0.7162017341490953,0.41469184452688146,1.1308935786759768
25,UUUUCAAUAAUGCGACAUUGACUA,UAGUCAAUGUCGCAUUAUUGAAAAUUUCUGUUGGGCCAUUGCAUUGCCACUGAUUUUCCAACAUAUAAAAAGACAAGCCCGAACAGUCGUCCGGGCUUUUUUUCUCGAG,0.02421100917431193,-0.18930275229357799,-0.3166577441158376,1.5571428571428572,2.087314362726585,-29.69,-1.71,-24.97,271.2880005914547,-3.0100000000000016,-173.2445804199328,0.7045242087972075,0.43184392870586163,1.136368137503069
26,UUUCAAUAAUGCGACAUUGACUAC,GUAGUCAAUGUCGCAUUAUUGAAAUUUCUGUUGGGCCAUUGCAUUGCCACUGAUUUUCCAACAUAUAAAAAGACAAGCCCGAACAGUCGUCCGGGCUUUUUUUCUCGAG,0.022110091743119276,-0.19088073394495417,-0.32450370626839453,1.5571428571428572,2.094637389099325,-31.26,-1.71,-25.03,271.2843871966368,-4.52,-172.1273149096121,0.7240093849132203,0.43337613573761513,1.1573855206508354
27,UUCAAUAAUGCGACAUUGACUACA,UGUAGUCAAUGUCGCAUUAUUGAAUUUCUGUUGGGCCAUUGCAUUGCCACUGAUUUUCCAACAUAUAAAAAGACAAGCCCGAACAGUCGUCCGGGCUUUUUUUCUCGAG,0.023045871559633037,-0.19064220183486244,-0.32606175637585166,1.5138888888888888,2.053638718659236,-32.27,-1.71,-25.09,271.29217340669607,-5.470000000000002,-171.41574311875416,0.614919744457836,0.43435197835647216,1.0492717228143082
28,UCAAUAAUGCGACAUUGACUACAA,UUGUAGUCAAUGUCGCAUUAUUGAUUUCUGUUGGGCCAUUGCAUUGCCACUGAUUUUCCAACAUAUAAAAAGACAAGCCCGAACAGUCGUCCGGGCUUUUUUUCUCGAG,0.025073394495412852,-0.20592660550458713,-0.2962995703553921,1.4729729729729728,2.0002725433283652,-32.79,-1.71,-26.86,271.5252309047339,-4.219999999999999,-171.21201394236107,0.47292253291823494,0.434631370563391,0.907553903481626
29,CAAUAAUGCGACAUUGACUACAAA,UUUGUAGUCAAUGUCGCAUUAUUGUUUCUGUUGGGCCAUUGCAUUGCCACUGAUUUUCCAACAUAUAAAAAGACAAGCCCGAACAGUCGUCCGGGCUUUUUUUCUCGAG,0.023642201834862393,-0.18073394495412837,-0.3525593172456373,1.4342105263157894,1.9911459903504174,-34.36,-1.57,-23.98,272.491993510167,-8.809999999999999,-137.30523630079523,0.4486385165763824,0.4811307949585802,0.9297693115349626
30,AAUAAUGCGACAUUGACUACAAAA,UUUUGUAGUCAAUGUCGCAUUAUUUUUCUGUUGGGCCAUUGCAUUGCCACUGAUUUUCCAACAUAUAAAAAGACAAGCCCGAACAGUCGUCCGGGCUUUUUUUCUCGAG,0.02886238532110094,-0.18007339449541282,-0.3648589813595151,1.3974358974358974,1.9712306586119264,-33.92,-0.7,-23.61,272.6143771727155,-9.61,70.90831315181464,0.39564761819892313,0.7666728273856551,1.1623204455845784
31,AUAAUGCGACAUUGACUACAAAAU,AUUUUGUAGUCAAUGUCGCAUUAUUUUCUGUUGGGCCAUUGCAUUGCCACUGAUUUUCCAACAUAUAAAAAGACAAGCCCGAACAGUCGUCCGGGCUUUUUUUCUCGAG,0.027000000000000014,-0.18427522935779816,-0.3417662785567513,1.4342105263157894,1.9872520342303388,-33.74,-0.48,-23.84,272.6253415461837,-9.420000000000005,123.74037760401552,0.43827744221644277,0.8391262056631973,1.27740364787964
32,UAAUGCGACAUUGACUACAAAAUC,GAUUUUGUAGUCAAUGUCGCAUUAUUUCUGUUGGGCCAUUGCAUUGCCACUGAUUUUCCAACAUAUAAAAAGACAAGCCCGAACAGUCGUCCGGGCUUUUUUUCUCGAG,0.02616513761467891,-0.19728440366972477,-0.3406065122131037,1.4729729729729728,2.0370290264704805,-32.49,-0.73,-25.64,272.86559802391844,-6.120000000000001,64.17141146645798,0.5707245222836503,0.7574339060735917,1.328158428357242
33,AAUGCGACAUUGACUACAAAAUCA,UGAUUUUGUAGUCAAUGUCGCAUUUUUCUGUUGGGCCAUUGCAUUGCCACUGAUUUUCCAACAUAUAAAAAGACAAGCCCGAACAGUCGUCCGGGCUUUUUUUCUCGAG,0.02942201834862387,-0.19933944954128446,-0.33156831829293176,1.4342105263157894,1.9945403124986294,-33.0,-0.96,-25.85,272.40118617842876,-6.189999999999998,8.616047447137191,0.45767016025564,0.681245821311541,1.138915981567181
34,AUGCGACAUUGACUACAAAAUCAG,CUGAUUUUGUAGUCAAUGUCGCAUUUUCUGUUGGGCCAUUGCAUUGCCACUGAUUUUCCAACAUAUAAAAAGACAAGCCCGAACAGUCGUCCGGGCUUUUUUUCUCGAG,0.027889908256880747,-0.20044036697247705,-0.325425530662703,1.4729729729729728,2.0267287788650337,-34.03,-1.21,-26.06,272.42524143412925,-6.760000000000002,-51.273000701167064,0.5433175284514575,0.5991145643719826,1.1424320928234402
35,UGCGACAUUGACUACAAAAUCAGC,GCUGAUUUUGUAGUCAAUGUCGCAUUUCUGUUGGGCCAUUGCAUUGCCACUGAUUUUCCAACAUAUAAAAAGACAAGCCCGAACAGUCGUCCGGGCUUUUUUUCUCGAG,0.024642201834862397,-0.20576146788990826,-0.35607012902909974,1.5138888888888888,2.1003626876427592,-34.31,-2.86,-26.61,271.11431199058984,-4.840000000000003,-443.3160203024971,0.7392433120844849,0.0614705882229164,0.8007139003074013
36,GCGACAUUGACUACAAAAUCAGCA,UGCUGAUUUUGUAGUCAAUGUCGCUUUCUGUUGGGCCAUUGCAUUGCCACUGAUUUUCCAACAUAUAAAAAGACAAGCCCGAACAGUCGUCCGGGCUUUUUUUCUCGAG,0.02573394495412845,-0.20535779816513755,-0.34075173363557104,1.4729729729729728,2.04481644972781,-34.31,-3.06,-26.43,269.78552261291816,-4.820000000000004,-488.1395765826114,0.5914453699135118,0.0,0.5914453699135118
37,CGACAUUGACUACAAAAUCAGCAU,AUGCUGAUUUUGUAGUCAAUGUCGUUUCUGUUGGGCCAUUGCAUUGCCACUGAUUUUCCAACAUAUAAAAAGACAAGCCCGAACAGUCGUCCGGGCUUUUUUUCUCGAG,0.024522935779816523,-0.19559633027522932,-0.33398132256981294,1.4729729729729728,2.0270735615978315,-34.15,-2.43,-25.54,272.3254381310883,-6.18,-343.02087652745615,0.5442349295269656,0.1990143708988326,0.7432493004257982
38,GACAUUGACUACAAAAUCAGCAUU,AAUGCUGAUUUUGUAGUCAAUGUCUUUCUGUUGGGCCAUUGCAUUGCCACUGAUUUUCCAACAUAUAAAAAGACAAGCCCGAACAGUCGUCCGGGCUUUUUUUCUCGAG,0.027697247706422033,-0.20376146788990826,-0.2883645814613407,1.4729729729729728,1.9927962700306439,-33.08,-0.86,-26.67,272.52171189893227,-5.549999999999997,32.66183966585049,0.4530295959707692,0.7142219864050298,1.167251582375799
39,ACAUUGACUACAAAAUCAGCAUUU,AAAUGCUGAUUUUGUAGUCAAUGUUUUCUGUUGGGCCAUUGCAUUGCCACUGAUUUUCCAACAUAUAAAAAGACAAGCCCGAACAGUCGUCCGGGCUUUUUUUCUCGAG,0.02842201834862387,-0.18623853211009175,-0.33500191656835604,1.4729729729729728,2.0226354400000446,-31.64,-0.91,-24.86,272.99650276523374,-5.870000000000001,20.812085248871057,0.5324259346448672,0.6979713486877369,1.230397283332604
40,CAUUGACUACAAAAUCAGCAUUUA,UAAAUGCUGAUUUUGUAGUCAAUGUUUCUGUUGGGCCAUUGCAUUGCCACUGAUUUUCCAACAUAUAAAAAGACAAGCCCGAACAGUCGUCCGGGCUUUUUUUCUCGAG,0.025935779816513772,-0.190348623853211,-0.3386575212050451,1.4729729729729728,2.027914897847743,-31.04,-0.68,-25.05,272.997001579037,-5.309999999999999,76.74624050529184,0.5464735647807363,0.7746789040605687,1.321152468841305
41,AUUGACUACAAAAUCAGCAUUUAA,UUAAAUGCUGAUUUUGUAGUCAAUUUUCUGUUGGGCCAUUGCAUUGCCACUGAUUUUCCAACAUAUAAAAAGACAAGCCCGAACAGUCGUCCGGGCUUUUUUUCUCGAG,0.031155963302752315,-0.18251376146788992,-0.3391751043195093,1.4342105263157894,1.987055355405941,-29.89,-0.68,-24.24,273.00867602245415,-4.970000000000002,77.11797632718532,0.4377541173864314,0.7751886989436994,1.2129428163301308
42,UUGACUACAAAAUCAGCAUUUAAU,AUUAAAUGCUGAUUUUGUAGUCAAUUUCUGUUGGGCCAUUGCAUUGCCACUGAUUUUCCAACAUAUAAAAAGACAAGCCCGAACAGUCGUCCGGGCUUUUUUUCUCGAG,0.029293577981651397,-0.18449541284403673,-0.33928890851719695,1.4729729729729728,2.026050872315858,-29.94,-0.69,-24.3,273.325223310909,-4.949999999999999,74.75941922638182,0.5415137484527865,0.771954196722642,1.3134679451754285
43,UGACUACAAAAUCAGCAUUUAAUA,UAUUAAAUGCUGAUUUUGUAGUCAUUUCUGUUGGGCCAUUGCAUUGCCACUGAUUUUCCAACAUAUAAAAAGACAAGCCCGAACAGUCGUCCGGGCUUUUUUUCUCGAG,0.028834862385321115,-0.18572477064220186,-0.3480886640080652,1.4342105263157894,1.9968588233513775,-30.94,-0.64,-24.56,274.23486648617563,-5.740000000000002,86.94615193502324,0.46383927531725644,0.78866696318486,1.2525062385021164
44,GACUACAAAAUCAGCAUUUAAUAC,GUAUUAAAUGCUGAUUUUGUAGUCUUUCUGUUGGGCCAUUGCAUUGCCACUGAUUUUCCAACAUAUAAAAAGACAAGCCCGAACAGUCGUCCGGGCUUUUUUUCUCGAG,0.026889908256880746,-0.18699082568807338,-0.3265281771730561,1.4342105263157894,1.9746194374337998,-32.33,-0.37,-24.71,275.14125258165353,-7.2499999999999964,152.6010891264417,0.4046645121443305,0.8787055041626004,1.283370016306931
45,ACUACAAAAUCAGCAUUUAAUACA,UGUAUUAAAUGCUGAUUUUGUAGUUUUCUGUUGGGCCAUUGCAUUGCCACUGAUUUUCCAACAUAUAAAAAGACAAGCCCGAACAGUCGUCCGGGCUUUUUUUCUCGAG,0.028550458715596347,-0.17440366972477053,-0.35980643522462963,1.3974358974358974,1.9601964611008937,-31.84,-0.13,-23.28,275.39862819479504,-8.43,211.76600652947167,0.3662877236884114,0.9598436952556175,1.326131418944029
46,CUACAAAAUCAGCAUUUAAUACAG,CUGUAUUAAAUGCUGAUUUUGUAGUUUCUGUUGGGCCAUUGCAUUGCCACUGAUUUUCCAACAUAUAAAAAGACAAGCCCGAACAGUCGUCCGGGCUUUUUUUCUCGAG,0.02701834862385322,-0.17475229357798167,-0.35508910758762274,1.4342105263157894,1.9910702761052472,-32.46,-0.13,-23.27,275.45954519102406,-9.059999999999999,211.27960431619093,0.4484370554144885,0.9591766480009005,1.407613703415389
47,UACAAAAUCAGCAUUUAAUACAGC,GCUGUAUUAAAUGCUGAUUUUGUAUUUCUGUUGGGCCAUUGCAUUGCCACUGAUUUUCCAACAUAUAAAAAGACAAGCCCGAACAGUCGUCCGGGCUUUUUUUCUCGAG,0.029055045871559652,-0.1844403669724771,-0.34062640440062475,1.4342105263157894,1.988332343560451,-33.3,-0.41,-24.44,275.2730498604726,-8.45,142.35409941767884,0.44115193924616347,0.86465288234528,1.3058048215914435
48,ACAAAAUCAGCAUUUAAUACAGCA,UGCUGUAUUAAAUGCUGAUUUUGUUUUCUGUUGGGCCAUUGCAUUGCCACUGAUUUUCCAACAUAUAAAAAGACAAGCCCGAACAGUCGUCCGGGCUUUUUUUCUCGAG,0.0323119266055046,-0.16722935779816508,-0.37105401786601383,1.3974358974358974,1.9680311997055808,-33.77,-0.41,-22.83,274.43201327511457,-10.530000000000008,141.5805878323176,0.3871344684309314,0.8635920960959192,1.2507265645268506
49,CAAAAUCAGCAUUUAAUACAGCAU,AUGCUGUAUUAAAUGCUGAUUUUGUUUCUGUUGGGCCAUUGCAUUGCCACUGAUUUUCCAACAUAUAAAAAGACAAGCCCGAACAGUCGUCCGGGCUUUUUUUCUCGAG,0.030449541284403685,-0.17455045871559635,-0.37643242311420927,1.4342105263157894,2.0156429494299988,-32.97,-0.41,-23.33,274.42521806401345,-9.230000000000004,142.04857865776793,0.513820251241337,0.8642338941528066,1.3780541453941435
50,AAAAUCAGCAUUUAAUACAGCAUC,GAUGCUGUAUUAAAUGCUGAUUUUUUUCUGUUGGGCCAUUGCAUUGCCACUGAUUUUCCAACAUAUAAAAAGACAAGCCCGAACAGUCGUCCGGGCUUUUUUUCUCGAG,0.03483486238532112,-0.17456880733944952,-0.3659137589658061,1.4342105263157894,2.0095279550063663,-33.34,-0.41,-23.49,274.41859684908883,-9.440000000000008,141.8263721409624,0.4975494176777084,0.86392916230133,1.3614785799790383
51,AAAUCAGCAUUUAAUACAGCAUCA,UGAUGCUGUAUUAAAUGCUGAUUUUUUCUGUUGGGCCAUUGCAUUGCCACUGAUUUUCCAACAUAUAAAAAGACAAGCCCGAACAGUCGUCCGGGCUUUUUUUCUCGAG,0.03374311926605507,-0.16765137614678896,-0.3757040220067416,1.4342105263157894,2.011309043735375,-34.36,-0.41,-23.01,274.4600149074431,-10.940000000000001,141.24900879539146,0.5022885549956035,0.8631373718363164,1.36542592683192
52,AAUCAGCAUUUAAUACAGCAUCAU,AUGAUGCUGUAUUAAAUGCUGAUUUUUCUGUUGGGCCAUUGCAUUGCCACUGAUUUUCCAACAUAUAAAAAGACAAGCCCGAACAGUCGUCCGGGCUUUUUUUCUCGAG,0.031880733944954144,-0.1665137614678899,-0.3684786452775785,1.4729729729729728,2.0398461136633954,-34.48,-0.4,-22.85,274.48482279311156,-11.229999999999997,143.60289367586694,0.578220253869767,0.8663654666199525,1.4445857204897194
53,AUCAGCAUUUAAUACAGCAUCAUC,GAUGAUGCUGUAUUAAAUGCUGAUUUUCUGUUGGGCCAUUGCAUUGCCACUGAUUUUCCAACAUAUAAAAAGACAAGCCCGAACAGUCGUCCGGGCUUUUUUUCUCGAG,0.031045871559633047,-0.1713944954128441,-0.4123262766605129,1.5138888888888888,2.1286555325218792,-36.12,-0.39,-23.21,274.4930345351926,-12.519999999999996,145.0175510664675,0.8145251746959415,0.8683055139778793,1.6828306886738207
54,UCAGCAUUUAAUACAGCAUCAUCA,UGAUGAUGCUGUAUUAAAUGCUGAUUUCUGUUGGGCCAUUGCAUUGCCACUGAUUUUCCAACAUAUAAAAAGACAAGCCCGAACAGUCGUCCGGGCUUUUUUUCUCGAG,0.029954128440366993,-0.16730275229357786,-0.3766052194861579,1.5138888888888888,2.087750989108992,-36.91,-0.39,-23.0,274.50092727899676,-13.519999999999996,144.54046564018805,0.705685988302709,0.8676512436740526,1.5733372319767616
55,CAGCAUUUAAUACAGCAUCAUCAA,UUGAUGAUGCUGUAUUAAAUGCUGUUUCUGUUGGGCCAUUGCAUUGCCACUGAUUUUCCAACAUAUAAAAAGACAAGCCCGAACAGUCGUCCGGGCUUUUUUUCUCGAG,0.02852293577981653,-0.1893577981651376,-0.4266312633040939,1.4729729729729728,2.1174849702220206,-35.53,-0.39,-25.02,274.501129903676,-10.120000000000001,145.38238924124235,0.7848024394975706,0.8688058494949772,1.6536082889925479
56,AGCAUUUAAUACAGCAUCAUCAAG,CUUGAUGAUGCUGUAUUAAAUGCUUUUCUGUUGGGCCAUUGCAUUGCCACUGAUUUUCCAACAUAUAAAAAGACAAGCCCGAACAGUCGUCCGGGCUUUUUUUCUCGAG,0.032211009174311946,-0.18649541284403665,-0.4026259311195355,1.4729729729729728,2.094305326110857,-35.15,-0.55,-24.88,274.50104933430015,-9.720000000000002,107.15797220043504,0.7231258286507447,0.8163852565082733,1.5395110851590181
57,GCAUUUAAUACAGCAUCAUCAAGC,GCUUGAUGAUGCUGUAUUAAAUGCUUUCUGUUGGGCCAUUGCAUUGCCACUGAUUUUCCAACAUAUAAAAAGACAAGCCCGAACAGUCGUCCGGGCUUUUUUUCUCGAG,0.028963302752293595,-0.18867889908256882,-0.38194529683884254,1.5138888888888888,2.1134763875625935,-36.02,-1.09,-25.04,274.53598991523495,-9.89,-22.556439092371136,0.7741363657844824,0.638496177084748,1.4126325428692303
58,CAUUUAAUACAGCAUCAUCAAGCG,CGCUUGAUGAUGCUGUAUUAAAUGUUUCUGUUGGGCCAUUGCAUUGCCACUGAUUUUCCAACAUAUAAAAAGACAAGCCCGAACAGUCGUCCGGGCUUUUUUUCUCGAG,0.027009174311926617,-0.18300917431192665,-0.36561927034341446,1.5138888888888888,2.0895265078561565,-34.87,-1.24,-24.27,274.133912586181,-9.359999999999996,-58.66333902068351,0.7104103049615389,0.5889795264283606,1.2993898313898995
59,AUUUAAUACAGCAUCAUCAAGCGU,ACGCUUGAUGAUGCUGUAUUAAAUUUUCUGUUGGGCCAUUGCAUUGCCACUGAUUUUCCAACAUAUAAAAAGACAAGCCCGAACAGUCGUCCGGGCUUUUUUUCUCGAG,0.029027522935779836,-0.1795412844036697,-0.3445287451338416,1.5138888888888888,2.06698644136218,-34.05,-1.7,-23.9,273.85363457461614,-8.449999999999996,-169.56254420223127,0.6504354881376252,0.43689343728893243,1.0873289254265577
60,UUUAAUACAGCAUCAUCAAGCGUA,UACGCUUGAUGAUGCUGUAUUAAAUUUCUGUUGGGCCAUUGCAUUGCCACUGAUUUUCCAACAUAUAAAAAGACAAGCCCGAACAGUCGUCCGGGCUUUUUUUCUCGAG,0.02654128440366974,-0.18337614678899086,-0.35221514416926636,1.5138888888888888,2.076021464250816,-33.28,-1.88,-24.2,272.33814212821994,-7.200000000000003,-212.2511650728335,0.6744759603736149,0.3783506786790997,1.0528266390527146
61,UUAAUACAGCAUCAUCAAGCGUAC,GUACGCUUGAUGAUGCUGUAUUAAUUUCUGUUGGGCCAUUGCAUUGCCACUGAUUUUCCAACAUAUAAAAAGACAAGCCCGAACAGUCGUCCGGGCUUUUUUUCUCGAG,0.024440366972477073,-0.18798165137614678,-0.3565654630319265,1.5138888888888888,2.0828763702694393,-33.84,-1.88,-24.84,271.73574730285924,-7.1200000000000045,-211.22825762651615,0.6927155575337186,0.37975348398151215,1.0724690415152307
62,UAAUACAGCAUCAUCAAGCGUACG,CGUACGCUUGAUGAUGCUGUAUUAUUUCUGUUGGGCCAUUGCAUUGCCACUGAUUUUCCAACAUAUAAAAAGACAAGCCCGAACAGUCGUCCGGGCUUUUUUUCUCGAG,0.023862385321100927,-0.1935779816513762,-0.3702259857424389,1.5138888888888888,2.101555241603805,-34.8,-1.88,-25.32,271.73659699254773,-7.599999999999994,-210.38420535344198,0.7424164706634738,0.3809110090424984,1.1233274797059722
63,AAUACAGCAUCAUCAAGCGUACGU,ACGUACGCUUGAUGAUGCUGUAUUUUUCUGUUGGGCCAUUGCAUUGCCACUGAUUUUCCAACAUAUAAAAAGACAAGCCCGAACAGUCGUCCGGGCUUUUUUUCUCGAG,0.02500917431192662,-0.19418348623853204,-0.36216222497977946,1.5138888888888888,2.095243774419127,-35.37,-1.9,-25.38,271.7399675230744,-8.09,-214.63297077076692,0.725622860565103,0.3750842935585238,1.1007071541236266
64,AUACAGCAUCAUCAAGCGUACGUU,AACGUACGCUUGAUGAUGCUGUAUUUUCUGUUGGGCCAUUGCAUUGCCACUGAUUUUCCAACAUAUAAAAAGACAAGCCCGAACAGUCGUCCGGGCUUUUUUUCUCGAG,0.0229816513761468,-0.19170642201834867,-0.35453222453154704,1.5571428571428572,2.1263631550688995,-35.66,-1.9,-25.28,271.7528746508877,-8.479999999999997,-214.38358718579883,0.8084255956254686,0.37542629577640513,1.1838518914018736
65,UACAGCAUCAUCAAGCGUACGUUC,GAACGUACGCUUGAUGAUGCUGUAUUUCUGUUGGGCCAUUGCAUUGCCACUGAUUUUCCAACAUAUAAAAAGACAAGCCCGAACAGUCGUCCGGGCUUUUUUUCUCGAG,0.022146788990825696,-0.20379816513761473,-0.36947557389143554,1.602941176470588,2.1983617044904644,-38.34,-1.89,-26.39,272.24337064109704,-10.060000000000002,-210.06399987057625,1.0,0.38135013572091175,1.3813501357209117
